name,gene,#chr,start,end,AF,rare,cases_0,cases_1,cases_2,controls_0,controls_1,controls_2,midpoint,AF_cases,AF_controls,p,coeff,num_cases_dropped,num_controls_dropped
PedSV.v2.3_DEL_chr11_9443,FLI1,chr11,128214735,128214799,0.0021459199488162,True,595,1,0,1891,1,0,128214767.0,0.0008389261744966443,0.0002642706131078224,0.3842245335104735,1.2949813832801373,0,0
PedSV.v2.3_DUP_chr11_2894,FLI1,chr11,128226922,128226985,0.3125739991664886,False,247,303,46,843,906,143,128226953.5,0.3313758389261745,0.3150105708245243,0.5126029409059738,0.051296701173959354,0,0
PedSV.v2.3_INS_chr11_3722,FLI1,chr11,128271218,128271218,0.0015532500110566,True,595,1,0,1892,0,0,128271218.0,0.0008389261744966443,0.0,0.9999899846893148,30.347151331095205,0,0
PedSV.v2.3_INS_chr11_3723,FLI1,chr11,128274149,128274149,0.0068134199827909,True,578,12,0,1846,34,0,128274149.0,0.010169491525423728,0.009042553191489361,0.7438436502352466,0.11130454968389016,6,12
PedSV.v2.3_DEL_chr11_9446,FLI1,chr11,128291392,128291500,0.0003698770015034,True,596,0,0,1890,2,0,128291446.0,0.0,0.0005285412262156448,0.9991731004638208,-19.126848526041382,0,0
PedSV.v2.3_DEL_chr11_9447,FLI1,chr11,128319882,128320043,7.397540321107954e-05,True,596,0,0,1891,1,0,128319962.5,0.0,0.0002642706131078224,0.9904972279097164,-13.033722207520952,0,0
PedSV.v2.3_INS_chr11_3725,FLI1,chr11,128390655,128390655,7.396449655061588e-05,True,596,0,0,1891,1,0,128390655.0,0.0,0.0002642706131078224,0.9911636346433975,-12.750078672373077,0,0
PedSV.v2.3_DUP_chr11_2895,FLI1,chr11,128428365,128448365,7.689939957344905e-05,True,581,0,0,1888,1,0,128438365.0,0.0,0.00026469031233456857,0.9898670405679204,-13.04270359286601,15,3
PedSV.v2.3_DUP_chr11_2896,FLI1,chr11,128436462,128436539,0.0001479289931012,True,595,1,0,1892,0,0,128436500.5,0.0008389261744966443,0.0,0.9999934775685977,30.971160496217554,0,0
PedSV.v2.3_INS_chr11_3727,FLI1,chr11,128436920,128436920,7.406310032820329e-05,True,595,0,0,1889,1,0,128436920.0,0.0,0.00026455026455026457,0.9906394182995858,-13.06674929813372,1,2
PedSV.v2.3_DEL_chr11_9452,FLI1,chr11,128441598,128446200,0.0153107000514864,False,593,3,0,1871,20,1,128443899.0,0.0025167785234899327,0.005813953488372093,0.7321982285690214,-0.2253042228261998,0,0
PedSV.v2.3_DEL_chr11_9454,FLI1,chr11,128478237,128478369,0.0009618229814805,True,596,0,0,1889,2,0,128478303.0,0.0,0.0005288207297726071,0.9988710028482,-18.57802230107617,0,1
PedSV.v2.3_DEL_chr11_9455,FLI1,chr11,128478329,128478388,0.0012575800064951,True,596,0,0,1889,3,0,128478358.5,0.0,0.0007928118393234672,0.9997775957466657,-22.349218624745188,0,0
PedSV.v2.3_INS_chr11_3728,FLI1,chr11,128493864,128493864,0.0003698770015034,True,596,0,0,1889,3,0,128493864.0,0.0,0.0007928118393234672,0.9998111115483267,-23.052403050652195,0,0
PedSV.v2.3_INS_chr11_3729,FLI1,chr11,128497937,128497937,0.0105200996622443,False,591,4,1,1848,41,0,128497937.0,0.0050335570469798654,0.01085230280571731,0.09256293586712384,-0.739247936847525,0,3
PedSV.v2.3_DEL_chr11_9457,FLI1,chr11,128499235,128499910,0.000739644980058,True,595,1,0,1889,2,1,128499572.5,0.0008389261744966443,0.0010570824524312897,0.8162534795247325,-0.22569787820753703,0,0
PedSV.v2.3_INS_chr11_3730,FLI1,chr11,128516447,128516447,0.0005918039823882,True,596,0,0,1887,5,0,128516447.0,0.0,0.001321353065539112,0.9999289265798684,-25.588550929804676,0,0
PedSV.v2.3_DUP_chr11_2897,FLI1,chr11,128522584,128522653,7.396449655061588e-05,True,596,0,0,1891,1,0,128522618.5,0.0,0.0002642706131078224,0.980833106855138,-10.722695690500414,0,0
PedSV.v2.3_DEL_chr11_9461,FLI1,chr11,128613322,128620127,0.0002958579862024,True,595,1,0,1891,1,0,128616724.5,0.0008389261744966443,0.0002642706131078224,0.3957741203944136,1.202610248380909,0,0
PedSV.v2.3_DEL_chr11_9462,FLI1,chr11,128627239,128628734,7.396449655061588e-05,True,596,0,0,1891,1,0,128627986.5,0.0,0.0002642706131078224,0.9903543511122863,-12.946826783095586,0,0
PedSV.v2.3_DEL_chr11_9463,FLI1,chr11,128645087,128647304,7.396449655061588e-05,True,596,0,0,1891,1,0,128646195.5,0.0,0.0002642706131078224,0.9824337375587967,-11.352476520846404,0,0
PedSV.v2.3_DEL_chr11_9464,FLI1,chr11,128650835,128654105,7.396449655061588e-05,True,595,1,0,1892,0,0,128652470.0,0.0008389261744966443,0.0,0.9999970045653714,32.559438648478924,0,0
PedSV.v2.3_INS_chr11_3734,FLI1,chr11,128662716,128662716,0.0069650299847126,True,592,4,0,1879,12,0,128662716.0,0.003355704697986577,0.0031729243786356425,0.16302102203745772,0.8916804513728888,0,1
PedSV.v2.3_INS_chr11_3735,FLI1,chr11,128673453,128673453,7.418399763992056e-05,True,596,0,0,1891,1,0,128673453.0,0.0,0.0002642706131078224,0.9702386573249704,-9.080802818617522,0,0
PedSV.v2.3_CTX_chr11_2,FLI1,chr11,128792578,128792578,7.396449655061588e-05,True,595,1,0,1892,0,0,128792578.0,0.0008389261744966443,0.0,0.999993753980082,31.479700431355255,0,0
PedSV.v2.3_DEL_chr11_9470,FLI1,chr11,128812821,128813515,0.2903229892253876,False,306,218,72,968,719,205,128813168.0,0.3036912751677852,0.2983615221987315,0.981730820645179,0.001591344361041726,0,0
PedSV.v2.3_DEL_chr11_9471,FLI1,chr11,128824585,128824760,0.0015996299916878,True,582,0,0,1842,7,0,128824672.5,0.0,0.0018929150892374256,0.999856452702802,-24.440915225731995,14,43
PedSV.v2.3_DEL_chr11_9473,FLI1,chr11,128824789,128824859,0.0001479289931012,True,595,1,0,1892,0,0,128824824.0,0.0008389261744966443,0.0,0.9999963175961674,32.225080727353486,0,0
PedSV.v2.3_DEL_chr11_9479,FLI1,chr11,128897092,128897304,0.000147950995597,True,596,0,0,1891,1,0,128897198.0,0.0,0.0002642706131078224,0.9912142759521271,-12.70564481099143,0,0
PedSV.v2.3_DEL_chr11_9483,FLI1,chr11,128915846,128915962,7.460459892172366e-05,True,585,0,0,1862,1,0,128915904.0,0.0,0.00026838432635534085,0.9912103305273572,-13.230025282691933,11,29
PedSV.v2.3_DEL_chr11_9486,FLI1,chr11,128926202,128927178,0.0003698219952639,True,594,2,0,1891,1,0,128926690.0,0.0016778523489932886,0.0002642706131078224,0.1327784817791896,1.8459612638476894,0,0
PedSV.v2.3_DEL_chr11_9491,FLI1,chr11,128950969,128951763,0.0002958579862024,True,596,0,0,1891,0,1,128951366.0,0.0,0.0005285412262156448,0.999959124407529,-12.695886875662449,0,0
PedSV.v2.3_DEL_chr11_9492,FLI1,chr11,128961094,128964897,0.0016272199572995,True,593,3,0,1886,6,0,128962995.5,0.0025167785234899327,0.0015856236786469344,0.5761633857607145,0.3970559901901097,0,0
PedSV.v2.3_DEL_chr11_9493,FLI1,chr11,129011533,129011598,0.0002958579862024,True,595,0,1,1892,0,0,129011565.5,0.0016778523489932886,0.0,0.9999992390336416,18.194188060898448,0,0
PedSV.v2.3_DUP_chr11_2909,FLI1,chr11,129012299,129012870,7.396449655061588e-05,True,596,0,0,1891,1,0,129012584.5,0.0,0.0002642706131078224,0.9837417015659066,-11.502881070658468,0,0
PedSV.v2.3_DEL_chr11_9494,FLI1,chr11,129035101,129037537,7.396449655061588e-05,True,595,1,0,1892,0,0,129036319.0,0.0008389261744966443,0.0,0.9999966865804897,32.701914463043465,0,0
PedSV.v2.3_DEL_chr11_9497,FLI1,chr11,129037204,129038821,0.0015532500110566,True,596,0,0,1890,2,0,129038012.5,0.0,0.0005285412262156448,0.8536675371540657,-7.197828296806612,0,0
PedSV.v2.3_INS_chr11_3739,FLI1,chr11,129046369,129046369,0.0162294004112482,False,588,6,0,1838,50,0,129046369.0,0.005050505050505051,0.013241525423728813,0.03449539678585949,-0.92333962321021,2,4
PedSV.v2.3_DUP_chr11_2910,FLI1,chr11,129062906,129063032,0.0762434974312782,False,519,62,13,1640,205,45,129062969.0,0.07407407407407407,0.07804232804232804,0.5157088023129649,-0.07418042398399845,2,2
PedSV.v2.3_INS_chr11_3740,FLI1,chr11,129070518,129070518,0.0006656799814663,True,596,0,0,1891,1,0,129070518.0,0.0,0.0002642706131078224,0.9741993439140832,-9.251495986690557,0,0
PedSV.v2.3_INS_chr11_3741,FLI1,chr11,129084031,129084031,0.0010365799535065,True,596,0,0,1891,1,0,129084031.0,0.0,0.0002642706131078224,0.9900549340403557,-12.350695961159,0,0
PedSV.v2.3_INS_chr11_3742,FLI1,chr11,129127585,129127585,0.0999260023236274,False,476,119,1,1562,327,3,129127585.0,0.10151006711409397,0.08800211416490486,0.046512756528994795,0.23767010944611694,0,0
PedSV.v2.3_INS_chr11_3743,FLI1,chr11,129127733,129127733,0.0006660749786533,True,593,2,0,1887,3,0,129127733.0,0.0016806722689075631,0.0007936507936507937,0.4765898549726405,0.652387672813549,1,2
PedSV.v2.3_INS_chr11_3744,FLI1,chr11,129140021,129140021,7.397540321107954e-05,True,596,0,0,1891,1,0,129140021.0,0.0,0.0002642706131078224,0.9887972483908803,-12.66829095922922,0,0
PedSV.v2.3_DEL_chr11_9502,FLI1,chr11,129140365,129150365,7.689939957344905e-05,True,581,0,0,1888,1,0,129145365.0,0.0,0.00026469031233456857,0.9830406337388725,-11.005460133547919,15,3
PedSV.v2.3_INS_chr11_3745,FLI1,chr11,129142056,129142056,0.0133681995794177,False,580,14,0,1810,62,0,129142056.0,0.011784511784511785,0.01655982905982906,0.20118612014740678,-0.3846161577669097,2,20
PedSV.v2.3_CPX_chr11_272,FLI1,chr11,129145383,129145383,0.1404590010643005,False,440,141,15,1374,466,52,129145383.0,0.14345637583892618,0.1506342494714588,0.3396879330705379,-0.08909749710716743,0,0
PedSV.v2.3_DEL_chr11_9505,FLI1,chr11,129181429,129183358,0.0001479289931012,True,595,1,0,1892,0,0,129182393.5,0.0008389261744966443,0.0,0.9999905882536444,30.204467628090978,0,0
PedSV.v2.3_INS_chr11_3748,FLI1,chr11,129196705,129196705,0.0002219260059064,True,596,0,0,1890,2,0,129196705.0,0.0,0.0005285412262156448,0.9989968210949266,-18.655230078125896,0,0
PedSV.v2.3_INS_chr11_3749,FLI1,chr11,129279600,129279600,0.0002220250025857,True,596,0,0,1890,2,0,129279600.0,0.0,0.0005285412262156448,0.9990890225050854,-19.049679257184017,0,0
PedSV.v2.3_DEL_chr22_1473,EWSR1,chr22,28759565,28771565,7.689939957344905e-05,True,581,0,0,1888,1,0,28765565.0,0.0,0.00026469031233456857,0.9898138465573534,-12.849338804617059,15,3
PedSV.v2.3_INS_chr22_327,EWSR1,chr22,28781346,28781346,0.5345410108566284,False,2,561,33,3,1785,104,28781346.0,0.5260067114093959,0.5266913319238901,0.9982051975430297,0.0004620966546788497,0,0
PedSV.v2.3_DEL_chr22_1477,EWSR1,chr22,28784912,28785302,7.41179974284023e-05,True,596,0,0,1884,1,0,28785107.0,0.0,0.0002652519893899204,0.9905253822038832,-12.687113541216656,0,7
PedSV.v2.3_INS_chr22_329,EWSR1,chr22,28800593,28800593,7.430520054185763e-05,True,596,0,0,1886,1,0,28800593.0,0.0,0.00026497085320614734,0.9105996966016207,-4.33383845066948,0,5
PedSV.v2.3_DUP_chr22_574,EWSR1,chr22,28838341,28846379,7.398639718303457e-05,True,596,0,0,1891,1,0,28842360.0,0.0,0.0002642706131078224,0.976942000180915,-9.187392493992697,0,0
PedSV.v2.3_INS_chr22_330,EWSR1,chr22,28843197,28843197,7.396449655061588e-05,True,596,0,0,1891,1,0,28843197.0,0.0,0.0002642706131078224,0.9828796361506229,-11.475519370969339,0,0
PedSV.v2.3_DEL_chr22_1481,EWSR1,chr22,28844416,28844492,0.0031065100338310003,True,595,1,0,1888,4,0,28844454.0,0.0008389261744966443,0.0010570824524312897,0.6510257961114627,0.538497698358781,0,0
PedSV.v2.3_INS_chr22_332,EWSR1,chr22,28855307,28855307,0.0009628200205042958,True,596,0,0,1886,3,0,28855307.0,0.0,0.0007940709370037057,0.9927245313047501,-14.026970534088965,0,3
PedSV.v2.3_INS_chr22_334,EWSR1,chr22,28879803,28879803,7.396449655061588e-05,True,596,0,0,1891,1,0,28879803.0,0.0,0.0002642706131078224,0.9906118925112507,-12.989129070333371,0,0
PedSV.v2.3_INS_chr22_335,EWSR1,chr22,28885642,28885642,0.00014792899310123175,True,595,1,0,1892,0,0,28885642.0,0.0008389261744966443,0.0,0.9999938738510976,31.24229453301187,0,0
PedSV.v2.3_INS_chr22_336,EWSR1,chr22,28890582,28890582,0.0010354999685660005,True,596,0,0,1888,4,0,28890582.0,0.0,0.0010570824524312897,0.9998951910226122,-24.275120631340158,0,0
PedSV.v2.3_DEL_chr22_1488,EWSR1,chr22,28895565,28901565,7.697039836784825e-05,True,579,0,0,1888,1,0,28898565.0,0.0,0.00026469031233456857,0.9898009718190522,-13.040882684209205,17,3
PedSV.v2.3_DEL_chr22_1489,EWSR1,chr22,28897371,28898203,7.396449655061588e-05,True,596,0,0,1891,1,0,28897787.0,0.0,0.0002642706131078224,0.9820041720345409,-11.161636006578595,0,0
PedSV.v2.3_DUP_chr22_576,EWSR1,chr22,28901648,28901701,0.0038484300021082163,True,594,2,0,1884,8,0,28901674.5,0.0016778523489932886,0.0021141649048625794,0.6597853944070947,0.3693855117979614,0,0
PedSV.v2.3_DEL_chr22_1490,EWSR1,chr22,28908661,28919450,7.396449655061588e-05,True,596,0,0,1891,1,0,28914055.5,0.0,0.0002642706131078224,0.9898583577538241,-12.826928945434156,0,0
PedSV.v2.3_INS_chr22_338,EWSR1,chr22,28922644,28922644,7.397540321107954e-05,True,596,0,0,1891,1,0,28922644.0,0.0,0.0002642706131078224,0.9903832456667081,-12.787031994403472,0,0
PedSV.v2.3_INS_chr22_339,EWSR1,chr22,28946174,28946174,7.396449655061588e-05,True,596,0,0,1891,1,0,28946174.0,0.0,0.0002642706131078224,0.9834073251400802,-11.367911216199053,0,0
PedSV.v2.3_INS_chr22_340,EWSR1,chr22,28986594,28986594,7.396449655061588e-05,True,596,0,0,1891,1,0,28986594.0,0.0,0.0002642706131078224,0.9898815969865609,-12.733183565017162,0,0
PedSV.v2.3_DEL_chr22_1494,EWSR1,chr22,28987630,28991227,0.00022189300216268748,True,596,0,0,1891,1,0,28989428.5,0.0,0.0002642706131078224,0.9831284181742763,-11.010504211049092,0,0
PedSV.v2.3_INS_chr22_343,EWSR1,chr22,29036621,29036621,7.398639718303457e-05,True,595,0,0,1891,1,0,29036621.0,0.0,0.0002642706131078224,0.982968821182374,-11.441748114160982,1,0
PedSV.v2.3_INS_chr22_344,EWSR1,chr22,29110280,29110280,0.00022192600590642542,True,596,0,0,1889,3,0,29110280.0,0.0,0.0007928118393234672,0.9997854765460052,-22.740963125416005,0,0
PedSV.v2.3_INS_chr22_345,EWSR1,chr22,29120651,29120651,0.3200649917125702,False,212,375,9,745,1129,18,29120651.0,0.3296979865771812,0.3078752642706131,0.03372460899052805,0.20222243696040107,0,0
PedSV.v2.3_DEL_chr22_1500,EWSR1,chr22,29131557,29131933,0.00014838999777566642,True,595,0,0,1889,1,0,29131745.0,0.0,0.00026455026455026457,0.9113029677053132,-4.260820982650019,1,2
PedSV.v2.3_DEL_chr22_1505,EWSR1,chr22,29189423,29190644,7.396449655061588e-05,True,596,0,0,1891,1,0,29190033.5,0.0,0.0002642706131078224,0.9781991900229813,-10.582034151559034,0,0
PedSV.v2.3_DUP_chr22_579,EWSR1,chr22,29197040,29197112,0.006139049772173166,True,595,1,0,1880,10,2,29197076.0,0.0008389261744966443,0.0036997885835095136,0.3320150911618661,-0.97695219013596,0,0
PedSV.v2.3_INS_chr22_347,EWSR1,chr22,29201519,29201519,7.398639718303457e-05,True,596,0,0,1891,1,0,29201519.0,0.0,0.0002642706131078224,0.9837840875671329,-11.358784548236734,0,0
PedSV.v2.3_DEL_chr22_1508,EWSR1,chr22,29237100,29239401,0.10687900334596634,False,495,89,12,1571,264,57,29238250.5,0.09479865771812081,0.09989429175475686,0.9775545365606434,-0.0029727149450351365,0,0
PedSV.v2.3_DUP_chr22_581,EWSR1,chr22,29237565,29261565,7.689939957344905e-05,True,581,0,0,1888,1,0,29249565.0,0.0,0.00026469031233456857,0.8794407801291085,-7.2854599874720805,15,3
PedSV.v2.3_DUP_chr22_582,EWSR1,chr22,29246303,29246394,7.396449655061588e-05,True,596,0,0,1891,1,0,29246348.5,0.0,0.0002642706131078224,0.9088840206842147,-4.101704815246003,0,0
PedSV.v2.3_DEL_chr22_1511,EWSR1,chr22,29283448,29285955,0.007692310027778149,True,591,5,0,1881,11,0,29284701.5,0.0041946308724832215,0.0029069767441860465,0.11239276714506649,0.9768721846449221,0,0
PedSV.v2.3_DUP_chr22_583,EWSR1,chr22,29284244,29285107,7.398639718303457e-05,True,595,1,0,1891,0,0,29284675.5,0.0008389261744966443,0.0,0.9999948586594786,32.51494085583188,0,1
PedSV.v2.3_DEL_chr22_1512,EWSR1,chr22,29299910,29300030,0.1447100043296814,False,362,232,0,1424,466,0,29299970.0,0.19528619528619529,0.12328042328042328,2.421932809430632e-11,0.6706997050816177,2,2
PedSV.v2.3_DUP_chr22_586,EWSR1,chr22,29367401,29423565,0.0001537990028737113,True,581,0,0,1888,1,0,29395483.0,0.0,0.00026469031233456857,0.9832575743538323,-11.47857240712471,15,3
PedSV.v2.3_DEL_chr22_1517,EWSR1,chr22,29371630,29373144,0.00022189300216268748,True,595,1,0,1891,1,0,29372387.0,0.0008389261744966443,0.0002642706131078224,0.4315500415700678,1.1138384175406384,0,0
PedSV.v2.3_DUP_chr22_588,EWSR1,chr22,29410573,29410660,0.12995600700378418,False,465,131,0,1309,583,0,29410616.5,0.1098993288590604,0.15406976744186046,2.2367965291388676e-05,-0.472994052417357,0,0
PedSV.v2.3_DEL_chr22_1525,EWSR1,chr22,29425087,29426279,7.396449655061588e-05,True,596,0,0,1891,1,0,29425683.0,0.0,0.0002642706131078224,0.9832538608527245,-11.399662698924521,0,0
PedSV.v2.3_DEL_chr22_1526,EWSR1,chr22,29446760,29446900,0.00022570000146515667,True,582,1,0,1815,1,0,29446830.0,0.0008576329331046312,0.00027533039647577095,0.41235682785580563,1.175121497589231,13,76
PedSV.v2.3_DUP_chr22_591,EWSR1,chr22,29449662,29449752,7.396449655061588e-05,True,595,1,0,1892,0,0,29449707.0,0.0008389261744966443,0.0,0.9999974367298461,32.318723648915515,0,0
PedSV.v2.3_INS_chr22_354,EWSR1,chr22,29476123,29476123,0.0008136089891195297,True,596,0,0,1891,1,0,29476123.0,0.0,0.0002642706131078224,0.9911356048318242,-12.889388675547602,0,0
PedSV.v2.3_DEL_chr22_1528,EWSR1,chr22,29483556,29483827,0.0001504889951320365,True,587,1,0,1859,1,0,29483691.5,0.0008503401360544217,0.00026881720430107527,0.4149243997627782,1.1597120706120723,8,32
PedSV.v2.3_DEL_chr22_1530,EWSR1,chr22,29490481,29497481,7.396449655061588e-05,True,596,0,0,1891,1,0,29493981.0,0.0,0.0002642706131078224,0.9842482125805775,-11.437391468985714,0,0
PedSV.v2.3_DUP_chr22_595,EWSR1,chr22,29562347,29562403,0.00014792899310123175,True,596,0,0,1891,1,0,29562375.0,0.0,0.0002642706131078224,0.9840645722580383,-11.391647071234612,0,0
PedSV.v2.3_DEL_chr22_1532,EWSR1,chr22,29566909,29568580,7.396449655061588e-05,True,596,0,0,1891,1,0,29567744.5,0.0,0.0002642706131078224,0.9865757802035406,-12.232265037007622,0,0
PedSV.v2.3_DUP_chr22_596,EWSR1,chr22,29573598,29574608,7.396449655061588e-05,True,595,1,0,1892,0,0,29574103.0,0.0008389261744966443,0.0,0.9999894529139309,30.208157494554825,0,0
PedSV.v2.3_DEL_chr22_1533,EWSR1,chr22,29576088,29579391,0.005917159840464592,True,594,2,0,1880,12,0,29577739.5,0.0016778523489932886,0.003171247357293869,0.7741028317844284,-0.23347029050488388,0,0
PedSV.v2.3_DEL_chr22_1534,EWSR1,chr22,29582528,29582841,0.00014799500058870763,True,596,0,0,1889,1,0,29582684.5,0.0,0.00026455026455026457,0.9869948375803652,-11.49533288762592,0,2
PedSV.v2.3_INS_chr22_358,EWSR1,chr22,29603361,29603361,7.396449655061588e-05,True,596,0,0,1891,1,0,29603361.0,0.0,0.0002642706131078224,0.9870208707555543,-12.252684632148942,0,0
PedSV.v2.3_INS_chr22_360,EWSR1,chr22,29607319,29607319,0.00014814799942541867,True,596,0,0,1891,1,0,29607319.0,0.0,0.0002642706131078224,0.9421041041792612,-8.103980032073302,0,0
PedSV.v2.3_DEL_chr22_1537,EWSR1,chr22,29614436,29614587,0.0003702609974425286,True,594,0,0,1888,2,0,29614511.5,0.0,0.0005291005291005291,0.999023336184057,-18.93418655734552,2,2
PedSV.v2.3_INS_chr22_361,EWSR1,chr22,29671080,29671080,7.398639718303457e-05,True,596,0,0,1891,1,0,29671080.0,0.0,0.0002642706131078224,0.9835826853107515,-11.413078068948453,0,0
PedSV.v2.3_DUP_chr22_597,EWSR1,chr22,29676948,29677008,0.11220400035381317,False,477,102,17,1514,341,37,29676978.0,0.11409395973154363,0.10967230443974631,0.900819210259681,0.012569347807143198,0,0
PedSV.v2.3_DEL_chr22_1540,EWSR1,chr22,29695800,29695874,7.396449655061588e-05,True,596,0,0,1891,1,0,29695837.0,0.0,0.0002642706131078224,0.9903672804595492,-13.062527569329369,0,0
PedSV.v2.3_DUP_chr22_598,EWSR1,chr22,29697643,29699571,7.396449655061588e-05,True,596,0,0,1891,1,0,29698607.0,0.0,0.0002642706131078224,0.9911990193509846,-13.218969842900513,0,0
PedSV.v2.3_DUP_chr22_599,EWSR1,chr22,29702269,29702342,7.396449655061588e-05,True,596,0,0,1891,1,0,29702305.5,0.0,0.0002642706131078224,0.9781991900229813,-10.582034151559034,0,0
PedSV.v2.3_INS_chr22_363,EWSR1,chr22,29723321,29723321,7.398639718303457e-05,True,596,0,0,1891,1,0,29723321.0,0.0,0.0002642706131078224,0.9857194794439381,-10.611443278278296,0,0
PedSV.v2.3_DUP_chr22_603,EWSR1,chr22,29761331,29761437,0.002662719925865531,True,592,4,0,1878,14,0,29761384.0,0.003355704697986577,0.0036997885835095136,0.7020871977307537,-0.21834189779950655,0,0
PedSV.v2.3_DEL_chr22_1544,EWSR1,chr22,29764850,29765150,7.396449655061588e-05,True,596,0,0,1891,1,0,29765000.0,0.0,0.0002642706131078224,0.9909687848855583,-13.143957109656021,0,0
PedSV.v2.3_DEL_chr22_1546,EWSR1,chr22,29774990,29775243,0.002959019970148802,True,595,1,0,1886,6,0,29775116.5,0.0008389261744966443,0.0015856236786469344,0.7607856886153315,-0.35016059362370766,0,0
PedSV.v2.3_CPX_chr5_71,EWSR1,chr5,31244571,31244571,0.0009615379967726767,True,596,0,0,1890,1,1,31244571.0,0.0,0.0007928118393234672,0.9474172731901261,-7.482160080148863,0,0
